,var1,var2,var3,var4
obs1,-1.22861130162,0.309656191638,0.963380211513,0.392898760337
obs2,-0.560940302954,-0.962691749953,0.0420209369596,-0.289916327338
obs3,0.78106045004,1.1403182933,0.621083639267,0.682519449838
obs4,-0.0920040648022,-1.17860757708,1.85470522798,1.0111083188
obs5,0.0419389878842,1.29062435352,-0.313368320916,-0.74983162877
obs6,-0.156377512568,0.670368001938,-0.415692963355,-0.813018152416
